segment_from,segment_to
D00-001,D00-002
D00-001,D10-001
D00-002,D00-003
D00-002,D11-001
D00-003,D00-004
D00-003,D11-001
D00-003,I12-001
D00-004,D00-005
D00-004,D01-005
D00-004,D01-004
D00-005,D00-006
D00-006,D00-007
D00-006,I04-001
D00-007,D00-008
D00-007,I04-001
D00-008,D00-009
D00-009,D00-010
D00-010,D00-011
D00-011,D00-012
D00-012,D00-013
D00-012,D05-001
D00-013,D00-014
D00-013,D05-001
D00-014,D00-015
D00-014,D06-001
D00-015,D06-001
D00-015,D07-001
D01-001,D01-002
D01-002,D01-003
D01-003,D01-004
D01-004,D01-005
D01-005,D01-006
D01-006,D01-007
D01-007,D01-008
D01-007,I03-001
D01-008,D01-009
D01-008,I03-001
D01-009,D01-010
D01-010,D01-011
D01-011,D01-012
D01-012,D01-013
D01-013,D01-014
D01-014,D01-015
D01-015,D01-016
D01-016,D01-017
D01-017,D01-018
D01-018,D01-019
D01-018,I34-077
D01-018,I34-078
D01-019,D01-020
D01-020,D01-021
D01-020,I38-093
D01-020,I38-092
D01-021,D01-022
D01-022,D01-023
D01-023,D01-024
D01-024,D01-025
D01-025,D01-026
D01-026,D01-027
D01-027,D01-028
D01-028,D01-029
D01-029,D01-030
D01-030,D01-031
D01-031,D01-032
D01-031,I52-001
D01-032,D01-033
D01-032,D02-001
D01-032,I52-001
D01-033,D01-034
D01-033,D02-001
D01-034,D01-035
D01-035,D01-036
D01-036,D01-037
D01-037,D01-038
D01-037,I50-001
D01-038,D01-039
D01-038,I50-001
D01-039,D01-040
D01-040,D01-041
D01-040,D46-001
D01-041,D01-042
D01-041,D46-001
D01-042,D01-043
D01-043,D01-044
D01-044,D01-045
D01-045,D01-046
D01-046,D01-047
D01-047,D01-048
D01-048,D01-049
D01-049,D01-050
D01-050,D01-051
D01-050,D35-013
D01-051,D01-052
D01-051,D35-013
D01-052,D01-053
D01-052,D48-001
D01-053,D01-054
D01-053,D48-001
D01-054,D01-055
D01-055,D01-056
D01-056,D01-057
D01-057,D01-058
D01-058,D01-059
D01-058,I11-020
D01-059,D01-060
D01-059,I11-020
D01-060,D01-061
D01-061,D01-062
D01-062,D01-063
D01-063,D01-064
D01-064,D01-065
D01-065,D01-066
D02-001,D02-002
D02-002,D02-003
D02-003,D02-004
D02-004,D02-005
D02-005,D02-006
D02-006,D02-007
D02-007,D02-008
D03-001,D03-002
D03-001,I03-027
D03-002,D03-003
D03-002,I19-011
D03-003,D03-004
D03-003,I19-011
D03-004,D03-005
D03-005,D03-006
D03-006,D03-007
D03-007,D03-008
D03-008,D03-009
D03-009,D03-010
D03-010,D03-011
D03-011,D03-012
D03-012,D03-013
D03-013,I34-001
D03-013,I34-002
D04-001,D04-002
D04-002,D04-003
D04-003,D04-004
D04-004,D04-005
D04-005,D04-006
D04-006,D04-007
D04-007,D04-008
D04-008,D04-009
D04-009,D04-010
D04-010,D04-011
D04-011,I20-052
D04-011,I20-053
D05-001,D05-002
D05-002,D05-003
D05-003,D05-004
D05-004,D05-005
D05-005,D05-006
D05-006,D05-007
D05-007,D05-008
D05-008,D05-009
D05-009,D05-010
D05-010,D05-011
D05-011,D05-012
D05-012,D05-013
D05-013,D05-014
D05-014,D05-015
D05-014,I20-005
D05-015,D05-016
D05-016,D05-017
D05-016,I26-005
D05-017,D05-018
D05-017,I26-005
D05-018,D05-019
D05-019,D05-020
D05-020,D05-021
D05-021,D05-022
D05-022,D05-023
D05-023,D05-024
D06-001,D06-002
D06-002,D06-003
D06-003,D06-004
D06-004,D06-005
D06-005,D06-006
D06-006,D06-018
D06-007,D06-021
D06-007,I06-001
D06-008,D06-009
D06-008,I06-025
D06-009,D06-010
D06-010,D06-011
D06-011,D06-012
D06-012,D06-013
D06-013,D06-014
D06-014,D06-015
D06-015,D06-016
D06-016,D06-017
D06-018,D06-019
D06-019,D06-020
D06-020,D06-021
D07-001,D07-002
D07-002,D07-003
D07-003,D07-004
D07-004,D07-005
D07-005,I07-001
D07-006,D07-007
D07-006,I07-002
D07-007,D07-008
D07-008,D07-009
D07-009,D07-010
D07-010,D07-011
D07-010,I07-003
D07-011,D07-012
D08-001,D08-002
D08-002,D08-003
D08-003,D08-004
D08-004,D08-005
D08-005,D08-006
D08-006,D08-007
D08-007,D08-008
D08-008,D08-009
D08-009,D08-010
D08-010,D08-011
D08-011,D08-012
D08-012,D08-013
D08-013,D08-014
D08-014,D08-015
D10-001,D10-002
D10-002,D10-003
D10-003,D10-004
D10-004,D10-005
D10-005,D10-006
D10-006,D10-007
D10-007,D10-008
D10-008,D10-009
D10-009,D10-010
D10-010,D10-011
D10-011,D10-012
D10-012,D10-013
D10-013,D10-014
D10-014,D10-015
D10-015,D10-016
D11-001,D11-002
D11-002,D11-003
D11-003,D11-004
D11-004,D11-005
D11-005,D11-006
D11-005,I38-025
D11-006,D11-007
D11-006,I38-025
D11-007,D11-008
D11-008,D11-009
D11-009,D11-010
D11-010,D11-011
D11-011,D11-012
D11-011,D35-001
D11-012,D11-013
D11-012,D35-001
D11-012,I11-001
D11-013,D11-014
D11-013,I11-001
D11-013,I35-071
D11-013,I35-070
D11-014,D11-015
D11-015,D11-016
D35-002,D35-003
D35-002,I35-124
D35-003,D35-004
D35-004,D35-005
D35-005,D35-006
D35-006,D35-007
D35-007,D35-008
D35-007,I35-126
D35-007,D46-011
D35-007,I46-001
D35-008,D35-009
D35-008,I46-001
D35-008,D46-011
D35-009,D35-010
D35-010,D35-011
D35-011,D35-012
D35-012,D35-013
D35-015,D35-016
D35-016,I35-079
D35-016,I35-080
D46-001,D46-002
D46-002,D46-003
D46-003,D46-004
D46-004,D46-005
D46-005,D46-006
D46-006,D46-007
D46-007,D46-008
D46-008,D46-009
D46-009,D46-010
D46-010,D46-011
D46-011,D46-012
D46-011,I46-001
D48-001,D48-002
D48-002,D48-003
D48-003,D48-004
D48-003,D56-007
D48-004,D48-005
D48-005,D48-006
D48-006,D48-007
D48-006,I11-005
D48-007,D48-008
D48-007,I58-013
D48-008,D48-009
D48-008,I58-013
D48-009,D48-011
D48-011,D56-007
D52-001,D52-002
D52-002,D52-003
D55-001,D55-002
D55-002,D55-003
D55-003,D55-004
D55-004,D55-005
D55-005,D55-006
D56-001,D56-002
D56-002,D56-003
D56-003,D56-004
D56-004,D56-005
D56-005,D56-006
D56-006,D56-007
I03-001,I03-002
I03-002,I03-003
I03-003,I03-004
I03-004,I03-005
I03-005,I03-006
I03-006,I03-007
I03-007,I03-008
I03-008,I03-009
I03-009,I03-010
I03-010,I03-011
I03-011,I03-012
I03-012,I03-013
I03-013,I03-014
I03-014,I03-015
I03-015,I03-016
I03-016,I03-017
I03-017,I03-018
I03-018,I03-019
I03-019,I03-020
I03-020,I03-021
I03-021,I03-022
I03-022,I03-023
I03-023,I03-024
I03-024,I03-025
I03-025,I03-026
I03-026,I03-027
I04-001,I04-002
I04-002,I04-003
I06-001,I06-002
I06-002,I06-003
I06-003,I06-004
I06-004,I06-005
I06-005,I06-006
I06-006,I06-007
I06-007,I06-008
I06-008,I06-009
I06-009,I06-010
I06-010,I06-011
I06-011,I06-012
I06-012,I06-013
I06-013,I06-014
I06-014,I06-015
I06-015,I06-016
I06-016,I06-017
I06-017,I06-018
I06-018,I06-019
I06-019,I06-020
I06-020,I06-021
I06-021,I06-022
I06-022,I06-023
I06-023,I06-024
I06-024,I06-025
I07-001,I07-002
I11-001,I11-002
I11-002,I11-003
I11-003,I11-004
I11-004,I33-001
I11-004,I35-071
I11-005,I11-006
I11-006,I11-007
I11-007,I11-008
I11-008,I11-009
I11-009,I11-010
I11-010,I11-011
I11-011,I11-012
I11-012,I11-013
I11-013,I11-014
I11-014,I11-015
I11-016,I11-017
I11-017,I11-018
I11-018,I11-019
I11-019,I11-020
I12-001,I12-002
I12-002,I12-003
I12-003,I12-004
I12-004,I12-005
I12-005,I12-006
I12-006,I12-007
I12-007,I12-008
I12-008,I12-009
I12-009,I12-010
I12-010,I12-011
I12-011,I12-012
I12-012,I12-013
I12-013,I12-014
I12-014,I12-015
I12-015,I12-016
I12-016,I12-017
I12-017,I12-018
I12-018,I12-019
I12-019,I12-020
I12-020,I12-021
I12-021,I12-022
I12-022,I12-023
I12-023,I12-024
I12-024,I12-025
I12-025,I12-026
I12-026,I12-027
I12-027,I12-028
I12-028,I12-029
I12-029,I12-030
I12-029,I38-033
I12-029,I38-034
I12-030,I12-031
I16-001,I16-002
I16-002,I16-003
I16-003,I16-004
I16-004,I16-005
I16-005,I16-006
I16-006,I16-007
I16-007,I16-008
I16-008,I16-009
I16-009,I16-010
I16-010,I16-011
I16-011,I16-012
I16-012,I16-013
I16-013,I16-014
I16-014,I16-015
I16-015,I16-016
I16-016,I16-017
I16-017,I16-018
I16-018,I16-019
I16-019,I16-020
I16-020,I16-021
I16-021,I16-022
I16-022,I16-023
I16-023,I16-024
I16-024,I16-025
I16-025,I16-026
I16-026,I16-027
I16-027,I16-028
I16-028,I16-029
I16-029,I16-030
I16-030,I16-031
I16-031,I16-032
I16-032,I16-033
I16-033,I16-034
I16-034,I16-035
I19-001,I19-002
I19-002,I19-003
I19-003,I19-004
I19-004,I19-005
I19-005,I19-006
I19-006,I19-007
I19-007,I19-008
I19-008,I19-009
I19-009,I19-010
I19-010,I19-011
I19-011,I19-012
I19-012,I19-013
I19-013,I19-014
I19-014,I19-015
I19-015,I19-016
I19-016,I19-017
I19-017,I19-018
I19-018,I19-019
I19-019,I19-020
I19-020,I19-021
I19-021,I19-022
I19-022,I19-023
I19-023,I19-024
I19-024,I19-025
I19-025,I19-026
I19-026,I19-027
I19-027,I19-028
I19-028,I19-029
I19-029,I19-030
I19-030,I19-031
I19-031,I19-032
I19-032,I19-033
I19-033,I19-034
I19-034,I19-035
I19-035,I19-036
I19-036,I19-037
I19-037,I19-038
I19-038,I19-039
I19-039,I19-040
I19-040,I19-041
I19-041,I19-042
I20-001,I20-002
I20-002,I20-003
I20-003,I20-004
I20-004,I20-005
I20-005,I20-006
I20-006,I20-007
I20-007,I20-008
I20-008,I20-009
I20-009,I20-010
I20-010,I20-011
I20-011,I20-012
I20-012,I20-013
I20-013,I20-014
I20-014,I20-015
I20-015,I20-016
I20-016,I20-017
I20-017,I20-018
I20-018,I20-019
I20-019,I20-020
I20-020,I20-021
I20-021,I20-022
I20-022,I20-023
I20-023,I20-024
I20-024,I20-025
I20-025,I20-026
I20-026,I20-027
I20-027,I20-028
I20-028,I20-029
I20-029,I20-030
I20-030,I20-031
I20-031,I20-032
I20-032,I20-033
I20-033,I20-034
I20-034,I20-035
I20-035,I20-036
I20-036,I20-037
I20-037,I20-038
I20-038,I20-039
I20-039,I20-040
I20-040,I20-041
I20-041,I20-042
I20-042,I20-043
I20-043,I20-044
I20-044,I20-045
I20-045,I20-046
I20-046,I20-047
I20-047,I20-048
I20-048,I20-049
I20-049,I20-050
I20-050,I20-051
I20-051,I20-052
I20-052,I20-053
I20-053,I20-054
I20-054,I20-055
I20-055,I20-056
I20-056,I20-057
I20-057,I20-058
I20-058,I20-059
I20-059,I20-060
I20-060,I20-061
I20-061,I20-062
I20-062,I20-063
I20-063,I20-064
I20-064,I20-065
I20-065,I20-066
I20-066,I20-067
I20-067,I20-068
I20-068,I20-069
I20-069,I20-070
I20-070,I20-071
I20-071,I20-072
I20-072,I20-073
I20-073,I20-074
I20-074,I20-075
I20-075,I20-076
I20-076,I20-077
I20-077,I20-078
I20-078,I20-079
I20-079,I20-080
I20-080,I20-081
I20-081,I20-082
I20-082,I20-083
I20-083,I20-084
I20-084,I20-085
I20-085,I20-086
I20-086,I20-087
I20-087,I20-088
I20-088,I34-001
I26-001,I26-002
I26-002,I26-003
I26-003,I26-004
I26-004,I26-005
I26-005,I26-006
I26-006,I26-007
I26-007,I26-008
I26-008,I26-009
I26-009,I26-010
I26-010,I26-011
I26-011,I26-012
I26-012,I26-013
I26-013,I26-014
I26-014,I26-015
I26-015,I26-016
I26-016,I26-017
I26-017,I26-018
I26-018,I26-019
I26-019,I26-020
I26-020,I26-021
I26-021,I26-022
I26-022,I26-023
I26-023,I26-024
I26-024,I26-025
I26-025,I26-026
I26-026,I26-027
I26-027,I26-028
I26-028,I26-029
I26-029,I26-030
I26-030,I26-031
I26-031,I26-032
I26-032,I26-033
I26-033,I26-034
I26-034,I26-035
I26-035,I26-036
I26-036,I26-037
I26-037,I26-038
I26-038,I26-039
I26-039,I26-040
I26-040,I26-041
I26-041,I26-042
I26-042,I26-043
I26-043,I26-044
I26-044,I26-045
I26-045,I26-046
I26-046,I26-047
I26-047,I26-048
I26-048,I26-049
I26-049,I26-050
I26-050,I26-051
I30-001,I30-002
I30-002,I30-003
I30-003,I30-004
I30-004,I30-005
I30-005,I30-006
I30-006,I30-007
I30-007,I30-008
I30-008,I30-009
I33-001,I33-002
I33-001,I35-071
I33-002,I33-003
I33-003,I33-004
I33-004,I33-005
I33-005,I33-006
I33-006,I33-007
I33-007,I33-008
I33-008,I33-009
I33-009,I33-010
I33-010,I33-011
I33-011,I33-012
I33-012,I33-013
I33-013,I33-014
I33-014,I33-015
I33-015,I33-016
I33-016,I33-017
I33-017,I33-018
I33-018,I33-019
I33-019,I33-020
I33-020,I33-021
I33-021,I33-022
I33-022,I33-023
I33-023,I33-024
I33-024,I33-025
I33-025,I33-026
I33-026,I33-027
I33-027,I33-028
I34-001,I34-002
I34-002,I34-003
I34-003,I34-004
I34-004,I34-005
I34-005,I34-006
I34-006,I34-007
I34-007,I34-008
I34-008,I34-009
I34-009,I34-010
I34-010,I34-011
I34-011,I34-012
I34-012,I34-013
I34-013,I34-014
I34-014,I34-015
I34-015,I34-016
I34-016,I34-017
I34-017,I34-018
I34-018,I34-019
I34-019,I34-020
I34-020,I34-021
I34-021,I34-022
I34-022,I34-023
I34-023,I34-024
I34-024,I34-025
I34-025,I34-026
I34-026,I34-027
I34-027,I34-028
I34-028,I34-029
I34-029,I34-030
I34-030,I34-031
I34-031,I34-032
I34-032,I34-033
I34-033,I34-034
I34-034,I34-035
I34-035,I34-036
I34-036,I34-037
I34-037,I34-038
I34-038,I34-039
I34-039,I34-040
I34-040,I34-041
I34-041,I34-042
I34-042,I34-043
I34-043,I34-044
I34-044,I34-045
I34-045,I34-046
I34-046,I34-047
I34-047,I34-048
I34-048,I34-049
I34-049,I34-050
I34-050,I34-051
I34-051,I34-052
I34-052,I34-053
I34-053,I34-054
I34-054,I34-055
I34-055,I34-056
I34-056,I34-057
I34-057,I34-058
I34-058,I34-059
I34-059,I34-060
I34-060,I34-061
I34-061,I34-062
I34-062,I34-063
I34-063,I34-064
I34-064,I34-065
I34-065,I34-066
I34-066,I34-067
I34-067,I34-068
I34-068,I34-069
I34-069,I34-070
I34-070,I34-071
I34-071,I34-072
I34-072,I34-073
I34-073,I34-074
I34-074,I34-075
I34-075,I34-076
I34-076,I34-077
I34-077,I34-078
I34-078,I34-079
I34-079,I34-080
I34-080,I34-081
I34-081,I34-082
I34-082,I34-083
I34-083,I34-084
I34-084,I34-085
I34-085,I34-086
I34-086,I34-087
I34-087,I34-088
I34-088,I34-089
I34-089,I34-090
I34-090,I34-091
I34-091,I34-092
I34-092,I38-079
I34-092,I38-080
I35-001,I35-002
I35-002,I35-003
I35-003,I35-004
I35-004,I35-005
I35-005,I35-006
I35-006,I35-007
I35-007,I35-008
I35-008,I35-009
I35-009,I35-010
I35-010,I35-011
I35-011,I35-012
I35-012,I35-013
I35-013,I35-014
I35-014,I35-015
I35-015,I35-016
I35-016,I35-017
I35-017,I35-018
I35-018,I35-019
I35-019,I35-020
I35-020,I35-021
I35-021,I35-022
I35-022,I35-023
I35-023,I35-024
I35-024,I35-025
I35-025,I35-026
I35-026,I35-027
I35-027,I35-028
I35-028,I35-029
I35-029,I35-030
I35-030,I35-031
I35-031,I35-032
I35-032,I35-033
I35-033,I35-034
I35-034,I35-035
I35-035,I35-036
I35-036,I35-037
I35-037,I35-038
I35-038,I35-039
I35-039,I35-040
I35-040,I35-041
I35-041,I35-042
I35-042,I35-043
I35-043,I35-044
I35-044,I35-045
I35-045,I35-046
I35-046,I35-047
I35-047,I35-048
I35-048,I35-049
I35-049,I35-050
I35-050,I35-051
I35-051,I35-052
I35-052,I35-053
I35-053,I35-054
I35-054,I35-055
I35-055,I35-056
I35-056,I35-057
I35-057,I35-058
I35-058,I35-059
I35-059,I35-060
I35-060,I35-061
I35-061,I35-062
I35-062,I35-063
I35-063,I35-064
I35-064,I35-065
I35-065,I35-066
I35-066,I35-067
I35-067,I35-068
I35-068,I35-069
I35-069,I35-070
I35-070,I35-071
I35-071,I35-072
I35-072,I35-073
I35-073,I35-074
I35-074,I35-075
I35-075,I35-076
I35-076,I35-077
I35-077,I35-078
I35-078,I35-079
I35-079,I35-080
I35-080,I35-081
I35-081,I35-082
I35-082,I35-083
I35-083,I35-084
I35-084,I35-085
I35-085,I35-086
I35-086,I35-087
I35-087,I35-088
I35-088,I35-089
I35-089,I35-090
I35-090,I35-091
I35-091,I35-092
I35-092,I35-093
I35-093,I35-094
I35-094,I35-095
I35-095,I35-096
I35-096,I35-097
I35-097,I35-098
I35-098,I35-099
I35-099,I35-100
I35-100,I35-101
I35-101,I35-102
I35-102,I35-103
I35-103,I35-104
I35-104,I35-105
I35-105,I35-106
I35-105,I43-038
I35-106,I35-107
I35-106,I43-038
I35-107,I35-108
I35-108,I35-109
I35-109,I35-110
I35-110,I35-111
I35-111,I35-112
I35-112,I35-113
I35-113,I35-114
I35-114,I35-115
I35-115,I35-116
I35-116,I35-117
I35-117,I35-118
I35-118,I35-119
I35-119,I35-120
I35-120,I35-121
I35-121,I35-122
I35-122,I35-123
I35-123,I35-124
I35-124,I35-125
I35-125,I35-126
I35-127,I35-128
I35-129,I35-130
I35-130,I35-140
I37-001,I37-002
I37-002,I37-003
I37-003,I37-004
I37-004,I37-005
I37-005,I37-006
I37-006,I37-007
I38-001,I38-002
I38-002,I38-003
I38-003,I38-004
I38-004,I38-005
I38-005,I38-006
I38-006,I38-007
I38-007,I38-008
I38-008,I38-009
I38-009,I38-010
I38-010,I38-011
I38-011,I38-012
I38-012,I38-013
I38-013,I38-014
I38-014,I38-015
I38-015,I38-016
I38-016,I38-017
I38-017,I38-018
I38-018,I38-019
I38-019,I38-020
I38-020,I38-021
I38-021,I38-022
I38-022,I38-023
I38-023,I38-024
I38-024,I38-025
I38-025,I38-026
I38-026,I38-027
I38-027,I38-028
I38-028,I38-029
I38-029,I38-030
I38-030,I38-031
I38-031,I38-032
I38-032,I38-033
I38-033,I38-034
I38-034,I38-035
I38-035,I38-036
I38-036,I38-037
I38-037,I38-038
I38-038,I38-039
I38-039,I38-040
I38-040,I38-041
I38-041,I38-042
I38-042,I38-043
I38-043,I38-044
I38-044,I38-045
I38-045,I38-046
I38-046,I38-047
I38-047,I38-048
I38-048,I38-049
I38-049,I38-050
I38-050,I38-051
I38-051,I38-052
I38-052,I38-053
I38-053,I38-054
I38-054,I38-055
I38-055,I38-056
I38-056,I38-057
I38-057,I38-058
I38-058,I38-059
I38-059,I38-060
I38-060,I38-061
I38-061,I38-062
I38-062,I38-063
I38-063,I38-064
I38-064,I38-065
I38-065,I38-066
I38-066,I38-067
I38-067,I38-068
I38-068,I38-069
I38-069,I38-070
I38-070,I38-071
I38-071,I38-072
I38-072,I38-073
I38-073,I38-074
I38-074,I38-075
I38-075,I38-076
I38-076,I38-077
I38-077,I38-078
I38-078,I38-079
I38-079,I38-080
I38-080,I38-081
I38-081,I38-082
I38-082,I38-083
I38-083,I38-084
I38-084,I38-085
I38-085,I38-086
I38-086,I38-087
I38-087,I38-088
I38-088,I38-089
I38-089,I38-090
I38-090,I38-091
I38-091,I38-092
I38-092,I38-093
I38-093,I38-094
I38-094,I38-095
I38-095,I38-096
I38-096,I38-097
I38-097,I38-098
I43-001,I43-002
I43-002,I43-003
I43-003,I43-004
I43-004,I43-005
I43-005,I43-006
I43-006,I43-007
I43-007,I43-008
I43-008,I43-009
I43-009,I43-010
I43-010,I43-011
I43-011,I43-012
I43-012,I43-013
I43-013,I43-014
I43-014,I43-015
I43-015,I43-016
I43-016,I43-017
I43-017,I43-018
I43-018,I43-019
I43-019,I43-020
I43-020,I43-021
I43-021,I43-022
I43-022,I43-023
I43-023,I43-024
I43-024,I43-025
I43-025,I43-026
I43-026,I43-027
I43-027,I43-028
I43-028,I43-029
I43-029,I43-030
I43-030,I43-031
I43-031,I43-032
I43-032,I43-033
I43-033,I43-034
I43-034,I43-035
I43-035,I43-036
I43-036,I43-037
I43-037,I43-038
I47-001,I47-002
I47-002,I47-003
I47-003,I47-004
I47-004,I47-005
I47-005,I47-006
I47-006,I47-007
I47-007,I47-008
I47-008,I47-009
I47-009,I47-010
I47-010,I47-011
I47-011,I47-012
I47-012,I47-013
I47-013,I47-014
I47-014,I47-015
I47-015,I47-016
I47-016,I47-017
I47-017,I47-018
I47-018,I47-019
I47-019,I47-020
I47-020,I47-021
I47-021,I47-022
I47-022,I47-023
I48-001,I48-002
I48-002,I48-003
I48-003,I48-004
I48-004,I48-005
I48-005,I48-006
I48-006,I48-007
I48-007,I48-008
I48-008,I48-009
I48-009,I48-010
I50-001,I50-002
I50-002,I50-003
I50-003,I50-004
I50-004,I50-005
I50-005,I50-006
I50-006,I50-007
I50-007,I50-008
I50-008,I50-009
I50-009,I50-010
I50-010,I50-011
I50-011,I50-012
I50-012,I50-013
I50-013,I50-014
I50-014,I50-015
I50-015,I50-016
I50-016,I50-017
I50-017,I50-018
I50-018,I50-019
I50-019,I50-020
I50-020,I50-021
I50-021,I50-022
I50-022,I50-023
I50-023,I50-024
I50-024,I50-025
I50-025,I50-026
I50-026,I50-027
I50-027,I50-028
I50-028,I50-029
I50-029,I50-030
I50-030,I50-031
I50-031,I50-032
I50-032,I50-033
I50-033,I50-034
I50-034,I50-035
I50-035,I50-036
I50-036,I50-037
I50-037,I50-038
I50-038,I50-039
I50-039,I50-040
I50-040,I50-041
I50-041,I50-042
I50-042,I50-043
I50-043,I50-044
I50-044,I50-045
I50-045,I50-046
I50-046,I50-047
I50-047,I50-048
I50-048,I50-049
I50-049,I50-050
I52-001,I52-002
I52-002,I52-003
I52-003,I52-004
I52-004,I52-005
I52-005,I52-006
I52-006,I52-007
I52-007,I52-008
I52-008,I52-009
I52-009,I52-010
I52-010,I52-011
I52-011,I52-012
I52-012,I52-013
I52-013,I52-014
I52-014,I52-015
I52-015,I52-016
I52-016,I52-017
I55-001,I55-002
I55-002,I55-003
I55-003,I55-004
I55-004,I55-005
I55-005,I55-006
I55-006,I55-007
I58-001,I58-002
I58-002,I58-003
I58-003,I58-004
I58-004,I58-005
I58-005,I58-006
I58-006,I58-007
I58-007,I58-008
I58-008,I58-009
I58-009,I58-010
I58-010,I58-011
I58-011,I58-012
I58-012,I58-013
I58-013,I58-014
I63-001,I63-002
I63-002,I63-003
I63-003,I63-004
